{
  "Product List" : {
    "transaction" : "Product List",
    "sampleCount" : 1111,
    "errorCount" : 0,
    "errorPct" : 0.0,
    "meanResTime" : 54.442844284428496,
    "medianResTime" : 49.0,
    "minResTime" : 42.0,
    "maxResTime" : 573.0,
    "pct1ResTime" : 66.80000000000007,
    "pct2ResTime" : 82.0,
    "pct3ResTime" : 124.87999999999988,
    "throughput" : 6.399843316167237,
    "receivedKBytesPerSec" : 39.23956587201465,
    "sentKBytesPerSec" : 3.4749149255751792
  },
  "Total" : {
    "transaction" : "Total",
    "sampleCount" : 3333,
    "errorCount" : 0,
    "errorPct" : 0.0,
    "meanResTime" : 60.373537353735394,
    "medianResTime" : 52.0,
    "minResTime" : 40.0,
    "maxResTime" : 1631.0,
    "pct1ResTime" : 77.0,
    "pct2ResTime" : 98.0,
    "pct3ResTime" : 159.65999999999985,
    "throughput" : 18.981394474722798,
    "receivedKBytesPerSec" : 158.02596304913922,
    "sentKBytesPerSec" : 10.046792778613042
  },
  "Search" : {
    "transaction" : "Search",
    "sampleCount" : 1111,
    "errorCount" : 0,
    "errorPct" : 0.0,
    "meanResTime" : 67.76417641764186,
    "medianResTime" : 60.0,
    "minResTime" : 50.0,
    "maxResTime" : 1631.0,
    "pct1ResTime" : 77.0,
    "pct2ResTime" : 90.0,
    "pct3ResTime" : 143.15999999999917,
    "throughput" : 6.332938118473255,
    "receivedKBytesPerSec" : 111.35957637788431,
    "sentKBytesPerSec" : 3.345819845794952
  },
  "Suggest" : {
    "transaction" : "Suggest",
    "sampleCount" : 1111,
    "errorCount" : 0,
    "errorPct" : 0.0,
    "meanResTime" : 58.91359135913591,
    "medianResTime" : 45.0,
    "minResTime" : 40.0,
    "maxResTime" : 734.0,
    "pct1ResTime" : 90.80000000000007,
    "pct2ResTime" : 119.0,
    "pct3ResTime" : 197.959999999998,
    "throughput" : 6.388104670618743,
    "receivedKBytesPerSec" : 8.051596855468413,
    "sentKBytesPerSec" : 3.3001048542551907
  }
}